{"assets":[{"id":"image_0","w":379,"h":313,"u":"images/","p":"img_0.png"},{"id":"image_1","w":379,"h":313,"u":"images/","p":"img_1.png"},{"id":"image_2","w":379,"h":313,"u":"images/","p":"img_2.png"},{"id":"image_3","w":379,"h":313,"u":"images/","p":"img_3.png"},{"id":"image_4","w":379,"h":313,"u":"images/","p":"img_4.png"},{"id":"image_5","w":379,"h":313,"u":"images/","p":"img_5.png"}],"layers":[{"ddd":0,"ind":0,"ty":2,"nm":"礼盒包装 copy 7.jpg","cl":"jpg","refId":"image_0","ks":{"o":{"k":[{"i":{"x":[0.667],"y":[1]},"o":{"x":[0.333],"y":[0]},"n":["0p667_1_0p333_0"],"t":128,"s":[0],"e":[100]},{"t":129}]},"r":{"k":-31.7},"p":{"k":[{"i":{"x":0.667,"y":1},"o":{"x":0.333,"y":0},"n":"0p667_1_0p333_0","t":129,"s":[375.2,408.8,0],"e":[375.2,367.728,0],"to":[0,-6.84531736373901,0],"ti":[0,6.84531736373901,0]},{"t":141}]},"a":{"k":[189.5,156.5,0]},"s":{"k":[60,60,100]}},"ao":0,"ip":0,"op":300,"st":0,"bm":0,"sr":1},{"ddd":0,"ind":1,"ty":2,"nm":"礼盒包装 copy 14.jpg","cl":"jpg","refId":"image_1","ks":{"o":{"k":[{"i":{"x":[0.667],"y":[1]},"o":{"x":[0.333],"y":[0]},"n":["0p667_1_0p333_0"],"t":104,"s":[0],"e":[100]},{"i":{"x":[0.667],"y":[0.667]},"o":{"x":[0.333],"y":[0.333]},"n":["0p667_0p667_0p333_0p333"],"t":105,"s":[100],"e":[100]},{"i":{"x":[0.667],"y":[1]},"o":{"x":[0.333],"y":[0]},"n":["0p667_1_0p333_0"],"t":128,"s":[100],"e":[0]},{"t":129}]},"r":{"k":-31.738},"p":{"k":[{"i":{"x":0.667,"y":1},"o":{"x":0.333,"y":0},"n":"0p667_1_0p333_0","t":104,"s":[377.013,408.8,0],"e":[377.013,367.783,0],"to":[0,-6.83617210388184,0],"ti":[0,0,0]},{"i":{"x":0.667,"y":1},"o":{"x":0.333,"y":0},"n":"0p667_1_0p333_0","t":116,"s":[377.013,367.783,0],"e":[377.013,408.8,0],"to":[0,0,0],"ti":[0,-6.83617210388184,0]},{"t":128}]},"a":{"k":[189.5,156.5,0]},"s":{"k":[60,60,100]}},"ao":0,"ip":0,"op":300,"st":0,"bm":0,"sr":1},{"ddd":0,"ind":2,"ty":2,"nm":"礼盒包装 copy 13.jpg","cl":"jpg","refId":"image_2","ks":{"o":{"k":[{"i":{"x":[0.667],"y":[1]},"o":{"x":[0.333],"y":[0]},"n":["0p667_1_0p333_0"],"t":79,"s":[0],"e":[100]},{"i":{"x":[0.667],"y":[0.667]},"o":{"x":[0.333],"y":[0.333]},"n":["0p667_0p667_0p333_0p333"],"t":80,"s":[100],"e":[100]},{"i":{"x":[0.667],"y":[1]},"o":{"x":[0.333],"y":[0]},"n":["0p667_1_0p333_0"],"t":104,"s":[100],"e":[0]},{"t":105}]},"r":{"k":-31.68},"p":{"k":[{"i":{"x":0.667,"y":1},"o":{"x":0.333,"y":0},"n":"0p667_1_0p333_0","t":80,"s":[376.831,408.8,0],"e":[376.831,367.728,0],"to":[0,-6.84531736373901,0],"ti":[0,0,0]},{"i":{"x":0.667,"y":1},"o":{"x":0.333,"y":0},"n":"0p667_1_0p333_0","t":92,"s":[376.831,367.728,0],"e":[376.831,408.8,0],"to":[0,0,0],"ti":[0,-6.84531736373901,0]},{"t":104}]},"a":{"k":[189.5,156.5,0]},"s":{"k":[60,60,100]}},"ao":0,"ip":0,"op":300,"st":0,"bm":0,"sr":1},{"ddd":0,"ind":3,"ty":2,"nm":"礼盒包装 copy 12.jpg","cl":"jpg","refId":"image_3","ks":{"o":{"k":[{"i":{"x":[0.667],"y":[1]},"o":{"x":[0.333],"y":[0]},"n":["0p667_1_0p333_0"],"t":53,"s":[0],"e":[100]},{"i":{"x":[0.667],"y":[0.667]},"o":{"x":[0.333],"y":[0.333]},"n":["0p667_0p667_0p333_0p333"],"t":54,"s":[100],"e":[100]},{"i":{"x":[0.667],"y":[1]},"o":{"x":[0.333],"y":[0]},"n":["0p667_1_0p333_0"],"t":79,"s":[100],"e":[0]},{"t":80}]},"r":{"k":-31.7},"p":{"k":[{"i":{"x":0.667,"y":1},"o":{"x":0.333,"y":0},"n":"0p667_1_0p333_0","t":55,"s":[376.831,408.8,0],"e":[376.831,367.728,0],"to":[0,-6.84531736373901,0],"ti":[0,0,0]},{"i":{"x":0.667,"y":1},"o":{"x":0.333,"y":0},"n":"0p667_1_0p333_0","t":67,"s":[376.831,367.728,0],"e":[376.831,408.8,0],"to":[0,0,0],"ti":[0,-6.84531736373901,0]},{"t":80}]},"a":{"k":[189.5,156.5,0]},"s":{"k":[60,60,100]}},"ao":0,"ip":0,"op":300,"st":0,"bm":0,"sr":1},{"ddd":0,"ind":4,"ty":2,"nm":"礼盒包装 copy 11.jpg","cl":"jpg","refId":"image_4","ks":{"o":{"k":[{"i":{"x":[0.667],"y":[1]},"o":{"x":[0.333],"y":[0]},"n":["0p667_1_0p333_0"],"t":31,"s":[0],"e":[100]},{"i":{"x":[0.833],"y":[0.833]},"o":{"x":[0.167],"y":[0.167]},"n":["0p833_0p833_0p167_0p167"],"t":32,"s":[100],"e":[100]},{"i":{"x":[0.833],"y":[1]},"o":{"x":[0.167],"y":[0]},"n":["0p833_1_0p167_0"],"t":53,"s":[100],"e":[0]},{"t":54}]},"r":{"k":-31.7},"p":{"k":[{"i":{"x":0.667,"y":1},"o":{"x":0.333,"y":0},"n":"0p667_1_0p333_0","t":32,"s":[376.173,408.8,0],"e":[376.173,367.728,0],"to":[0,-6.84531545639038,0],"ti":[0,0,0]},{"i":{"x":0.667,"y":1},"o":{"x":0.167,"y":0},"n":"0p667_1_0p167_0","t":43,"s":[376.173,367.728,0],"e":[376.173,408.8,0],"to":[0,0,0],"ti":[0,-6.84531545639038,0]},{"t":54}]},"a":{"k":[189.5,156.5,0]},"s":{"k":[60,60,100]}},"ao":0,"ip":0,"op":300,"st":0,"bm":0,"sr":1},{"ddd":0,"ind":5,"ty":2,"nm":"礼盒包装 copy 10.jpg","cl":"jpg","refId":"image_5","ks":{"o":{"k":[{"i":{"x":[0.667],"y":[1]},"o":{"x":[0.333],"y":[0]},"n":["0p667_1_0p333_0"],"t":8,"s":[1],"e":[100]},{"i":{"x":[0.667],"y":[0.667]},"o":{"x":[0.333],"y":[0.333]},"n":["0p667_0p667_0p333_0p333"],"t":9,"s":[100],"e":[100]},{"i":{"x":[0.667],"y":[1]},"o":{"x":[0.333],"y":[0]},"n":["0p667_1_0p333_0"],"t":31,"s":[100],"e":[0]},{"t":32}]},"r":{"k":-31.7},"p":{"k":[{"i":{"x":0.833,"y":1},"o":{"x":0.333,"y":0},"n":"0p833_1_0p333_0","t":10,"s":[375.24,408.805,0],"e":[375.24,408.805,0],"to":[-0.00000511919689,0,0],"ti":[0.00000511919689,6.84611463546753,0]},{"i":{"x":0.667,"y":1},"o":{"x":0.333,"y":0},"n":"0p667_1_0p333_0","t":11,"s":[375.24,408.805,0],"e":[375.24,367.728,0],"to":[-0.00000511919689,-6.84611463546753,0],"ti":[0,0.0630312114954,0]},{"i":{"x":0.667,"y":1},"o":{"x":0.333,"y":0},"n":"0p667_1_0p333_0","t":21,"s":[375.24,367.728,0],"e":[375.24,408.427,0],"to":[0,-0.0630312114954,0],"ti":[0,-6.78308343887329,0]},{"t":31}]},"a":{"k":[189.5,156.5,0]},"s":{"k":[60,60,100]}},"ao":0,"ip":0,"op":300,"st":0,"bm":0,"sr":1},{"ddd":0,"ind":6,"ty":2,"nm":"礼盒包装 copy 7.jpg","cl":"jpg","refId":"image_0","ks":{"o":{"k":[{"i":{"x":[0.667],"y":[1]},"o":{"x":[0.333],"y":[0]},"n":["0p667_1_0p333_0"],"t":8,"s":[100],"e":[0]},{"t":9}]},"r":{"k":-31.7},"p":{"k":[{"i":{"x":0.507,"y":0.95},"o":{"x":0.341,"y":0},"n":"0p507_0p95_0p341_0","t":0,"s":[375.2,367.728,0],"e":[375.2,408.8,0],"to":[-0.1633632928133,3.44315719604492,0],"ti":[0.18240562081337,-3.84450650215149,0]},{"i":{"x":0.652,"y":1},"o":{"x":0.319,"y":0.007},"n":"0p652_1_0p319_0p007","t":9,"s":[375.2,408.8,0],"e":[375.2,388.805,0],"to":[-0.00368842598982,0.07773980498314,0],"ti":[0.00330337090418,-0.06962411850691,0]},{"t":10}],"x":"var $bm_rt;\ntry {\n    elastic = div(effect('\\u4f4d\\u7f6e - Stretch')('ADBE Slider Control-0001'), 100);\n    gravity = mul(effect('\\u4f4d\\u7f6e - Gravity')('ADBE Slider Control-0001'), 100);\n    bounceMax = effect('\\u4f4d\\u7f6e - Max Jumps')('ADBE Slider Control-0001');\n    on_off = effect('\\u4f4d\\u7f6e - Jump In/Out')('ADBE Checkbox Control-0001');\n    $bm_rt = n = 0;\n    if (numKeys > 0) {\n        $bm_rt = n = nearestKey(time).index;\n        if (key(n).time > time) {\n            n--;\n        }\n    }\n    if (n > 0) {\n        t = sub(time, key(n).time);\n        v = mul($bm_neg(velocityAtTime(sub(key(n).time, 0.001))), elastic);\n        vl = length(v);\n        if (value instanceof Array) {\n            vu = vl > 0 ? normalize(v) : [\n                0,\n                0,\n                0\n            ];\n        } else {\n            vu = v < 0 ? -1 : 1;\n        }\n        tCur = 0;\n        segDur = div(mul(2, vl), gravity);\n        tNext = segDur;\n        numberOfBounces = 1;\n        while (tNext < t && numberOfBounces <= bounceMax) {\n            vl *= elastic;\n            segDur *= elastic;\n            tCur = tNext;\n            tNext += segDur;\n            numberOfBounces++;\n        }\n        if (numberOfBounces <= bounceMax) {\n            delta = sub(t, tCur);\n            $bm_rt = inOutExp = mul(mul(vu, delta), sub(vl, div(mul(gravity, delta), 2)));\n            if (on_off == 1) {\n                $bm_rt = value = sub(value, inOutExp);\n            } else {\n                $bm_rt = value = sum(value, inOutExp);\n            }\n        } else {\n            $bm_rt = value = value;\n        }\n    } else {\n        $bm_rt = value = value;\n    }\n} catch (e$$4) {\n    $bm_rt = value = value;\n}"},"a":{"k":[189.5,156.5,0]},"s":{"k":[60,60,100]}},"ao":0,"ef":[{"ty":5,"nm":"位置 - Overshoot","mn":"ADBE Slider Control","ix":1,"ef":[{"ty":0,"nm":"滑块","mn":"ADBE Slider Control-0001","ix":1,"v":{"k":20,"x":"var $bm_rt;\n$bm_rt = clamp(value, 0, 100);"}}]},{"ty":5,"nm":"位置 - Bounce","mn":"ADBE Slider Control","ix":2,"ef":[{"ty":0,"nm":"滑块","mn":"ADBE Slider Control-0001","ix":1,"v":{"k":40,"x":"var $bm_rt;\n$bm_rt = clamp(value, 0, 100);"}}]},{"ty":5,"nm":"位置 - Friction","mn":"ADBE Slider Control","ix":3,"ef":[{"ty":0,"nm":"滑块","mn":"ADBE Slider Control-0001","ix":1,"v":{"k":40,"x":"var $bm_rt;\n$bm_rt = clamp(value, 0, 100);"}}]},{"ty":5,"nm":"位置 - Overshoot","mn":"ADBE Slider Control","ix":4,"ef":[{"ty":0,"nm":"滑块","mn":"ADBE Slider Control-0001","ix":1,"v":{"k":20,"x":"var $bm_rt;\n$bm_rt = clamp(value, 0, 100);"}}]},{"ty":5,"nm":"位置 - Bounce","mn":"ADBE Slider Control","ix":5,"ef":[{"ty":0,"nm":"滑块","mn":"ADBE Slider Control-0001","ix":1,"v":{"k":40,"x":"var $bm_rt;\n$bm_rt = clamp(value, 0, 100);"}}]},{"ty":5,"nm":"位置 - Friction","mn":"ADBE Slider Control","ix":6,"ef":[{"ty":0,"nm":"滑块","mn":"ADBE Slider Control-0001","ix":1,"v":{"k":40,"x":"var $bm_rt;\n$bm_rt = clamp(value, 0, 100);"}}]},{"ty":5,"nm":"位置 - Overshoot","mn":"ADBE Slider Control","ix":7,"ef":[{"ty":0,"nm":"滑块","mn":"ADBE Slider Control-0001","ix":1,"v":{"k":20,"x":"var $bm_rt;\n$bm_rt = clamp(value, 0, 100);"}}]},{"ty":5,"nm":"位置 - Bounce","mn":"ADBE Slider Control","ix":8,"ef":[{"ty":0,"nm":"滑块","mn":"ADBE Slider Control-0001","ix":1,"v":{"k":40,"x":"var $bm_rt;\n$bm_rt = clamp(value, 0, 100);"}}]},{"ty":5,"nm":"位置 - Friction","mn":"ADBE Slider Control","ix":9,"ef":[{"ty":0,"nm":"滑块","mn":"ADBE Slider Control-0001","ix":1,"v":{"k":40,"x":"var $bm_rt;\n$bm_rt = clamp(value, 0, 100);"}}]},{"ty":5,"nm":"位置 - Overshoot","mn":"ADBE Slider Control","ix":10,"ef":[{"ty":0,"nm":"滑块","mn":"ADBE Slider Control-0001","ix":1,"v":{"k":20,"x":"var $bm_rt;\n$bm_rt = clamp(value, 0, 100);"}}]},{"ty":5,"nm":"位置 - Bounce","mn":"ADBE Slider Control","ix":11,"ef":[{"ty":0,"nm":"滑块","mn":"ADBE Slider Control-0001","ix":1,"v":{"k":40,"x":"var $bm_rt;\n$bm_rt = clamp(value, 0, 100);"}}]},{"ty":5,"nm":"位置 - Friction","mn":"ADBE Slider Control","ix":12,"ef":[{"ty":0,"nm":"滑块","mn":"ADBE Slider Control-0001","ix":1,"v":{"k":40,"x":"var $bm_rt;\n$bm_rt = clamp(value, 0, 100);"}}]},{"ty":5,"nm":"位置 - Overshoot","mn":"ADBE Slider Control","ix":13,"ef":[{"ty":0,"nm":"滑块","mn":"ADBE Slider Control-0001","ix":1,"v":{"k":20,"x":"var $bm_rt;\n$bm_rt = clamp(value, 0, 100);"}}]},{"ty":5,"nm":"位置 - Bounce","mn":"ADBE Slider Control","ix":14,"ef":[{"ty":0,"nm":"滑块","mn":"ADBE Slider Control-0001","ix":1,"v":{"k":40,"x":"var $bm_rt;\n$bm_rt = clamp(value, 0, 100);"}}]},{"ty":5,"nm":"位置 - Friction","mn":"ADBE Slider Control","ix":15,"ef":[{"ty":0,"nm":"滑块","mn":"ADBE Slider Control-0001","ix":1,"v":{"k":40,"x":"var $bm_rt;\n$bm_rt = clamp(value, 0, 100);"}}]},{"ty":5,"nm":"位置 - Overshoot","mn":"ADBE Slider Control","ix":16,"ef":[{"ty":0,"nm":"滑块","mn":"ADBE Slider Control-0001","ix":1,"v":{"k":20,"x":"var $bm_rt;\n$bm_rt = clamp(value, 0, 100);"}}]},{"ty":5,"nm":"位置 - Bounce","mn":"ADBE Slider Control","ix":17,"ef":[{"ty":0,"nm":"滑块","mn":"ADBE Slider Control-0001","ix":1,"v":{"k":40,"x":"var $bm_rt;\n$bm_rt = clamp(value, 0, 100);"}}]},{"ty":5,"nm":"位置 - Friction","mn":"ADBE Slider Control","ix":18,"ef":[{"ty":0,"nm":"滑块","mn":"ADBE Slider Control-0001","ix":1,"v":{"k":40,"x":"var $bm_rt;\n$bm_rt = clamp(value, 0, 100);"}}]},{"ty":5,"nm":"位置 - Smoothness","mn":"ADBE Slider Control","ix":19,"ef":[{"ty":0,"nm":"滑块","mn":"ADBE Slider Control-0001","ix":1,"v":{"k":4,"x":"var $bm_rt;\n$bm_rt = clamp(value, 0, 100);"}}]},{"ty":5,"nm":"位置 - Blend Precision","mn":"ADBE Slider Control","ix":20,"ef":[{"ty":0,"nm":"滑块","mn":"ADBE Slider Control-0001","ix":1,"v":{"k":25,"x":"var $bm_rt;\n$bm_rt = clamp(value, 0, 100);"}}]},{"ty":5,"nm":"位置 - Blend On/Off","mn":"ADBE Checkbox Control","ix":21,"ef":[{"ty":7,"nm":"复选框","mn":"ADBE Checkbox Control-0001","ix":1,"v":{"k":1}}]},{"ty":5,"nm":"位置 - Overshoot","mn":"ADBE Slider Control","ix":22,"ef":[{"ty":0,"nm":"滑块","mn":"ADBE Slider Control-0001","ix":1,"v":{"k":20,"x":"var $bm_rt;\n$bm_rt = clamp(value, 0, 100);"}}]},{"ty":5,"nm":"位置 - Bounce","mn":"ADBE Slider Control","ix":23,"ef":[{"ty":0,"nm":"滑块","mn":"ADBE Slider Control-0001","ix":1,"v":{"k":40,"x":"var $bm_rt;\n$bm_rt = clamp(value, 0, 100);"}}]},{"ty":5,"nm":"位置 - Friction","mn":"ADBE Slider Control","ix":24,"ef":[{"ty":0,"nm":"滑块","mn":"ADBE Slider Control-0001","ix":1,"v":{"k":40,"x":"var $bm_rt;\n$bm_rt = clamp(value, 0, 100);"}}]},{"ty":5,"nm":"位置 - Smoothness","mn":"ADBE Slider Control","ix":25,"ef":[{"ty":0,"nm":"滑块","mn":"ADBE Slider Control-0001","ix":1,"v":{"k":4,"x":"var $bm_rt;\n$bm_rt = clamp(value, 0, 100);"}}]},{"ty":5,"nm":"位置 - Blend Precision","mn":"ADBE Slider Control","ix":26,"ef":[{"ty":0,"nm":"滑块","mn":"ADBE Slider Control-0001","ix":1,"v":{"k":25,"x":"var $bm_rt;\n$bm_rt = clamp(value, 0, 100);"}}]},{"ty":5,"nm":"位置 - Blend On/Off","mn":"ADBE Checkbox Control","ix":27,"ef":[{"ty":7,"nm":"复选框","mn":"ADBE Checkbox Control-0001","ix":1,"v":{"k":1}}]},{"ty":5,"nm":"位置 - Smoothness","mn":"ADBE Slider Control","ix":28,"ef":[{"ty":0,"nm":"滑块","mn":"ADBE Slider Control-0001","ix":1,"v":{"k":4,"x":"var $bm_rt;\n$bm_rt = clamp(value, 0, 100);"}}]},{"ty":5,"nm":"位置 - Blend Precision","mn":"ADBE Slider Control","ix":29,"ef":[{"ty":0,"nm":"滑块","mn":"ADBE Slider Control-0001","ix":1,"v":{"k":25,"x":"var $bm_rt;\n$bm_rt = clamp(value, 0, 100);"}}]},{"ty":5,"nm":"位置 - Blend On/Off","mn":"ADBE Checkbox Control","ix":30,"ef":[{"ty":7,"nm":"复选框","mn":"ADBE Checkbox Control-0001","ix":1,"v":{"k":1}}]},{"ty":5,"nm":"位置 - Stretch","mn":"ADBE Slider Control","ix":31,"ef":[{"ty":0,"nm":"滑块","mn":"ADBE Slider Control-0001","ix":1,"v":{"k":60}}]},{"ty":5,"nm":"位置 - Gravity","mn":"ADBE Slider Control","ix":32,"ef":[{"ty":0,"nm":"滑块","mn":"ADBE Slider Control-0001","ix":1,"v":{"k":8,"x":"var $bm_rt;\n$bm_rt = clamp(value, 0, 100);"}}]},{"ty":5,"nm":"位置 - Max Jumps","mn":"ADBE Slider Control","ix":33,"ef":[{"ty":0,"nm":"滑块","mn":"ADBE Slider Control-0001","ix":1,"v":{"k":8,"x":"var $bm_rt;\n$bm_rt = clamp(value, 0, 10);"}}]},{"ty":5,"nm":"位置 - Jump In/Out","mn":"ADBE Checkbox Control","ix":34,"ef":[{"ty":7,"nm":"复选框","mn":"ADBE Checkbox Control-0001","ix":1,"v":{"k":0}}]}],"ip":0,"op":300,"st":0,"bm":0,"sr":1},{"ddd":0,"ind":9,"ty":4,"nm":"形状图层 3","ks":{"o":{"k":45},"r":{"k":0},"p":{"k":[372.931,565.604,0]},"a":{"k":[-1.663,46.604,0]},"s":{"k":[{"i":{"x":[0.833,0.833,0.833],"y":[0.833,0.833,0.833]},"o":{"x":[0.167,0.167,0.167],"y":[0.167,0.167,0.167]},"n":["0p833_0p833_0p167_0p167","0p833_0p833_0p167_0p167","0p833_0p833_0p167_0p167"],"t":0,"s":[100,100,100],"e":[150,150,100]},{"i":{"x":[0.833,0.833,0.833],"y":[0.833,0.833,0.833]},"o":{"x":[0.167,0.167,0.167],"y":[0.167,0.167,0.167]},"n":["0p833_0p833_0p167_0p167","0p833_0p833_0p167_0p167","0p833_0p833_0p167_0p167"],"t":11,"s":[150,150,100],"e":[100,100,100]},{"i":{"x":[0.833,0.833,0.833],"y":[0.833,0.833,0.833]},"o":{"x":[0.167,0.167,0.167],"y":[0.167,0.167,0.167]},"n":["0p833_0p833_0p167_0p167","0p833_0p833_0p167_0p167","0p833_0p833_0p167_0p167"],"t":21,"s":[100,100,100],"e":[150,150,100]},{"i":{"x":[0.833,0.833,0.833],"y":[0.833,0.833,0.833]},"o":{"x":[0.167,0.167,0.167],"y":[0.167,0.167,0.167]},"n":["0p833_0p833_0p167_0p167","0p833_0p833_0p167_0p167","0p833_0p833_0p167_0p167"],"t":32,"s":[150,150,100],"e":[100,100,100]},{"i":{"x":[0.833,0.833,0.833],"y":[0.833,0.833,0.833]},"o":{"x":[0.167,0.167,0.167],"y":[0.167,0.167,0.167]},"n":["0p833_0p833_0p167_0p167","0p833_0p833_0p167_0p167","0p833_0p833_0p167_0p167"],"t":43,"s":[100,100,100],"e":[150,150,100]},{"i":{"x":[0.833,0.833,0.833],"y":[0.833,0.833,0.833]},"o":{"x":[0.167,0.167,0.167],"y":[0.167,0.167,0.167]},"n":["0p833_0p833_0p167_0p167","0p833_0p833_0p167_0p167","0p833_0p833_0p167_0p167"],"t":55,"s":[150,150,100],"e":[100,100,100]},{"i":{"x":[0.833,0.833,0.833],"y":[0.833,0.833,0.833]},"o":{"x":[0.167,0.167,0.167],"y":[0.167,0.167,0.167]},"n":["0p833_0p833_0p167_0p167","0p833_0p833_0p167_0p167","0p833_0p833_0p167_0p167"],"t":68,"s":[100,100,100],"e":[150,150,100]},{"i":{"x":[0.833,0.833,0.833],"y":[0.833,0.833,0.833]},"o":{"x":[0.167,0.167,0.167],"y":[0.167,0.167,0.167]},"n":["0p833_0p833_0p167_0p167","0p833_0p833_0p167_0p167","0p833_0p833_0p167_0p167"],"t":81,"s":[150,150,100],"e":[100,100,100]},{"i":{"x":[0.833,0.833,0.833],"y":[0.833,0.833,0.833]},"o":{"x":[0.167,0.167,0.167],"y":[0.167,0.167,0.167]},"n":["0p833_0p833_0p167_0p167","0p833_0p833_0p167_0p167","0p833_0p833_0p167_0p167"],"t":92,"s":[100,100,100],"e":[150,150,100]},{"i":{"x":[0.833,0.833,0.833],"y":[0.833,0.833,0.833]},"o":{"x":[0.167,0.167,0.167],"y":[0.167,0.167,0.167]},"n":["0p833_0p833_0p167_0p167","0p833_0p833_0p167_0p167","0p833_0p833_0p167_0p167"],"t":105,"s":[150,150,100],"e":[100,100,100]},{"i":{"x":[0.833,0.833,0.833],"y":[0.833,0.833,0.833]},"o":{"x":[0.167,0.167,0.167],"y":[0.167,0.167,0.167]},"n":["0p833_0p833_0p167_0p167","0p833_0p833_0p167_0p167","0p833_0p833_0p167_0p167"],"t":117,"s":[100,100,100],"e":[150,150,100]},{"i":{"x":[0.833,0.833,0.833],"y":[0.833,0.833,0.833]},"o":{"x":[0.167,0.167,0.167],"y":[0.167,0.167,0.167]},"n":["0p833_0p833_0p167_0p167","0p833_0p833_0p167_0p167","0p833_0p833_0p167_0p167"],"t":129,"s":[150,150,100],"e":[100,100,100]},{"t":141}]}},"ao":0,"shapes":[{"ty":"gr","it":[{"d":1,"ty":"el","s":{"k":[107.814,11.209]},"p":{"k":[0,0]},"nm":"椭圆路径 1","mn":"ADBE Vector Shape - Ellipse"},{"ty":"fl","c":{"k":[1,1,1,1]},"o":{"k":30},"nm":"填充 1","mn":"ADBE Vector Graphic - Fill"},{"ty":"tr","p":{"k":[-1.258,46.604],"ix":2},"a":{"k":[0,0],"ix":1},"s":{"k":[100,100],"ix":3},"r":{"k":0,"ix":6},"o":{"k":100,"ix":7},"sk":{"k":0,"ix":4},"sa":{"k":0,"ix":5},"nm":"变换"}],"nm":"椭圆 1","np":2,"mn":"ADBE Vector Group"}],"ip":0,"op":300,"st":0,"bm":0,"sr":1}],"v":"4.5.4","ddd":0,"ip":0,"op":141,"fr":30,"w":750,"h":750}